site_id,match_coverage,n_matched_treat,cross_border_share,frac_treat_0_neighbors,frac_treat_1_neighbor,frac_treat_2plus_neighbors,control_supply_ratio,avg_matches_per_treat,avg_control_reuse,avg_extrapolation,avg_abs_smd_before,avg_abs_smd_after,abs_smd_after_elevation,abs_smd_after_slope,abs_smd_after_treecover2000,abs_smd_after_travel_time,abs_smd_after_log_pop_density,abs_smd_after_human_footprint,abs_smd_after_ag_suitability,n_covariates_balanced,avg_abs_smd_improvement,n_covariates_improved
555714961,0.9732620320855615,182.0,0.0,0.026737967914438502,0.016042780748663103,0.9572192513368984,11.935828877005347,1.9835164835164836,2.329032258064516,0.0,0.6892426312528098,0.0514414775786502,0.045301061876871274,0.023535860739272347,0.011465442617920416,0.1598702204825249,0.0,0.10339579950429038,0.016521957829672078,7.0,0.6378011536741595,7.0
1543,0.9296636085626911,304.0,0.0,0.05504587155963303,0.06116207951070336,0.8837920489296636,6.7889908256880735,1.950657894736842,4.561538461538461,0.0,0.4736308266264544,0.1854250844700944,0.4056521757370772,0.19817521009608974,0.3704150565443668,0.0031455628412352327,0.016354405341713965,0.23321335743861557,0.07101982329156246,4.0,0.28820574215635997,5.0
555557937,1.0,98.0,0.0,0.0,0.0,1.0,28.693877551020407,2.0,1.8317757009345794,0.0,0.2846981230187758,0.018715211654399346,0.0042333480553967615,0.0691207466038291,0.008246533883490033,0.04940585303807953,0.0,0.0,0.0,7.0,0.26598291136437646,7.0
93538,1.0,59.0,0.0,0.0,0.05084745762711865,0.9491525423728814,21.203389830508474,1.9491525423728813,2.1296296296296298,0.0,0.5938397880082226,0.06508052791171445,0.15052971904210471,0.020785675868997315,0.0016040605686809468,0.11932530352651609,0.0,0.047180409181880406,0.11613852719382174,7.0,0.528759260096508,7.0
2008,0.7857142857142857,33.0,0.07936507936507936,0.21428571428571427,0.07142857142857142,0.7142857142857143,4.880952380952381,1.9090909090909092,2.1,0.006802721088435374,0.8089105346960059,0.14465434135070662,0.09658643814962774,0.03892666665430605,0.3612136089522476,0.026193071181886175,0.009215790550844137,0.3078403486533817,0.17260446531265305,5.0,0.6642561933452994,6.0
916,0.7913486005089059,311.0,0.03825136612021858,0.19083969465648856,0.178117048346056,0.6310432569974554,5.648854961832061,1.765273311897106,3.7346938775510203,0.005816066884769175,0.6693584697149272,0.16782348216193585,0.2583404916735448,0.10409273236652981,0.17884744862362384,0.2681178750312177,0.2536044960057536,0.08786527047465688,0.02389606095822431,4.0,0.5015349875529914,6.0
303317,1.0,121.0,0.0,0.0,0.01652892561983471,0.9834710743801653,22.41322314049587,1.9834710743801653,2.376237623762376,0.0011806375442739079,0.9341502836701469,0.03229114686592462,0.032066511479515274,0.09792682517354677,0.0029208514857055057,0.05610675138701635,0.012678922497798307,0.024151033023135347,0.00018713301475481998,7.0,0.901859136804222,7.0
352159,1.0,60.0,0.0,0.0,0.0,1.0,20.55,2.0,1.6216216216216217,0.0,0.4648767876489149,0.04000907441894442,0.00955989947061411,0.06125998058354562,0.01272082529723608,0.06864933981932882,0.02908737369855501,0.019682486535559297,0.07910361552777201,7.0,0.42486771322997047,6.0
555626124,1.0,56.0,0.0,0.0,0.0,1.0,40.17857142857143,2.0,1.4736842105263157,0.0,0.3239196315058116,0.0667822829079982,0.09804797212898844,0.0448661613289581,0.07815877143672186,0.09490465732908099,0.03864355487710153,0.017331182415972993,0.0955236808391635,7.0,0.25713734859781345,7.0
7949,1.0,64.0,0.0,0.0,0.0,1.0,5.578125,2.0,4.413793103448276,0.0,0.5573049536436779,0.14404276393658363,0.10519236418359719,0.034186479765307004,0.0984849977310391,0.2539579877968192,0.3256306320688538,0.12549802057602075,0.06534886543444857,5.0,0.41326218970709433,7.0
214,0.12578616352201258,20.0,0.0,0.8301886792452831,0.1320754716981132,0.03773584905660377,0.4779874213836478,1.3,2.888888888888889,0.14016172506738545,1.4153566879511215,0.26727425126353865,0.5895904283342142,0.2438899134466164,0.06998408054098507,0.17451340280343763,0.604377856580741,0.042612398314337975,0.1459516788244384,4.0,1.1480824366875828,6.0
306522,0.5944444444444444,107.0,0.0,0.3888888888888889,0.11666666666666667,0.49444444444444446,1.0,1.6728971962616823,5.264705882352941,0.01746031746031746,1.5283392371682376,0.1623530563749886,0.41322576896379226,0.16680175418052615,0.19575731620084333,0.027910068084215835,0.02318624294689567,0.2230581708145557,0.08653207343409139,5.0,1.3659861807932487,7.0
555786096,1.0,19.0,0.05263157894736842,0.0,0.0,1.0,1.5789473684210527,2.0,1.7272727272727273,0.0,1.4859403100072115,0.10168298972296257,0.13666148130349698,0.05127889396944218,0.3274877921234061,0.10596446209081967,0.007872957000929706,0.07795229680996107,0.004563044762682352,6.0,1.3842573202842487,7.0
555599263,0.9920039980009995,1985.0,0.0,0.0079960019990005,0.009995002498750625,0.9820089955022488,5.631184407796102,1.9848866498740554,4.3392070484581495,0.0,0.24970327473715476,0.04200643434263337,0.18150310632362526,0.06869490743173198,9.469937995770637e-05,0.040377410000735935,0.0,0.0033749172623827443,0.0,7.0,0.2076968403945214,4.0
555759266,1.0,219.0,0.0,0.0,0.0045662100456621,0.9954337899543378,9.114155251141552,1.995433789954338,2.8940397350993377,0.0,0.18125294073697543,0.060320516506530523,0.09170072810552111,0.00570891347865389,0.11032136171779135,0.055641533204381054,0.00634924182030006,0.03528267620433369,0.1172391610147325,7.0,0.12093242423044494,6.0
9436,1.0,38.0,0.0,0.0,0.0,1.0,29.736842105263158,2.0,1.4901960784313726,0.0,0.6343161125908016,0.03620839721857152,0.08937805698000804,0.07888684186759544,0.0,0.04299085929143361,0.004210372248260361,0.0379926501427032,0.0,7.0,0.5981077153722298,5.0
1250,1.0,2491.0,0.0,0.0,0.0004014452027298274,0.9995985547972702,4.224809313528703,1.9995985547972701,5.880755608028335,0.0,0.3261994233667106,0.046234464019306705,0.0782369331242237,0.031988274669082314,0.0,0.14543418249293433,0.0001365255726430482,0.06535220440491993,0.0024931278713436022,7.0,0.27996495934740395,6.0
68399,1.0,30.0,0.0,0.0,0.0,1.0,25.1,2.0,1.1111111111111112,0.0,0.42776598036289265,0.06583253093932998,0.04802502292197405,0.022949618117600986,0.022278749187156954,0.1290971515022165,0.0043714811736314555,0.1562946868984025,0.0778110067743274,7.0,0.3619334494235627,6.0
11116292,0.6666666666666666,6.0,0.0,0.0,0.0,1.0,0.3888888888888889,1.1666666666666667,1.0,0.0,1.2349386710450205,0.30049132220477087,0.46351621868045295,0.9960782743381085,0.10562469469954436,0.11996385463502303,0.04622332891161998,0.14530332347866878,0.22672956068997857,4.0,0.9344473488402498,7.0
67967,0.5,17.0,0.19230769230769232,0.5,0.14705882352941177,0.35294117647058826,1.2352941176470589,1.5294117647058822,1.7333333333333334,0.008403361344537815,1.5555679362886714,0.18298530420842213,0.0627737982438592,0.41515298082401475,0.047137714891559594,0.1695712687409315,0.05219237733439314,0.2457329425554214,0.2883360468687752,4.0,1.3725826320802492,7.0
555512003,0.9966442953020134,594.0,0.0,0.003355704697986577,0.006711409395973154,0.9899328859060402,8.973154362416107,1.9932659932659933,3.4926253687315634,0.0,0.5024230885806379,0.05015106887126824,0.1308270927506335,0.11800667169617614,0.042797019449118956,0.04997019123744091,0.0,0.009456506965508158,0.0,7.0,0.45227201970936953,6.0
555752316,,,,,,,,,,,,,,,,,,,,,,
166970,0.9527027027027027,141.0,0.0,0.0472972972972973,0.10135135135135136,0.8513513513513513,13.783783783783784,1.8865248226950355,2.046153846153846,0.004826254826254826,0.5364444398889623,0.10765653206392758,0.008195060785055485,0.25257054645287985,0.03005429397973179,0.06147693592284065,0.018178555666826808,0.1574016450986702,0.22571868654148833,5.0,0.4287879078250348,6.0
26654,0.7407407407407407,100.0,0.0,0.2074074074074074,0.24444444444444444,0.5481481481481482,5.037037037037037,1.66,2.912280701754386,0.007407407407407407,1.5209218344875928,0.1347986043821997,0.1895597775049453,0.21439231152849672,0.11223814660521761,0.18467991617599241,0.04286956617821555,0.17452192903616387,0.025328583646366497,6.0,1.3861232301053932,7.0
101664,0.8345864661654135,222.0,0.0,0.0037593984962406013,0.06015037593984962,0.9360902255639098,2.1954887218045114,1.7567567567567568,5.909090909090909,0.0,0.540628336214165,0.0827566172200136,0.06307496176309299,0.050751160473858595,0.05427828081160221,0.21442966751892784,0.0026527282476610987,0.10842941042999141,0.08568011129496098,6.0,0.45787171899415136,5.0
555766202,,,,,,,,,,,,,,,,,,,,,,
2017,0.8666666666666667,156.0,0.003436426116838488,0.13333333333333333,0.11666666666666667,0.75,14.088888888888889,1.8653846153846154,2.171641791044776,0.015873015873015872,0.4086541745874445,0.05914300771468598,0.013895910192876478,0.05235832592326229,0.057664918162565845,0.018370795792989433,0.08541406336153148,0.0612475608402162,0.12504947972936017,7.0,0.3495111668727585,7.0
10711,0.9964912280701754,284.0,0.0,0.0035087719298245615,0.0,0.9964912280701754,7.747368421052632,2.0,5.568627450980392,0.0,0.5858574166972624,0.05789865587276722,0.019777381057222248,0.05323586920994953,0.021018801105939667,0.13644978244377712,0.022956666124729328,0.010356932260052807,0.14149515890769987,7.0,0.5279587608244952,6.0
164,0.6155913978494624,229.0,0.4109195402298851,0.013440860215053764,0.12096774193548387,0.8655913978494624,0.7956989247311828,1.519650655021834,5.704918032786885,0.0,0.9480802366783531,0.2799063099545389,0.2180229223207307,0.3079702198286934,0.28148213488688717,0.4248156576821519,0.12673055034435626,0.29900681608148516,0.301315868537468,1.0,0.6681739267238139,6.0
555784006,0.8409090909090909,37.0,0.15384615384615385,0.1590909090909091,0.20454545454545456,0.6363636363636364,6.704545454545454,1.7567567567567568,1.7105263157894737,0.003246753246753247,1.105305472012392,0.030790505695976966,0.006931261847938709,0.024263876015310944,0.004576914077944778,0.11948829522908525,0.007928528041950662,0.038140146441799146,0.014204518217809289,7.0,1.074514966316415,7.0
